chemblId,STATUS,MW,LogP,nHAcc,nHDon
CHEMBL370037,active,252.269,3.2248,3,2
CHEMBL189073,intermediate,277.279,4.0592,4,2
CHEMBL365290,active,240.258,3.81942,3,2
CHEMBL191648,active,280.298,4.7001,2,2
CHEMBL184431,active,493.625,5.148,7,3
CHEMBL364551,active,433.027,4.5787,5,2
CHEMBL124482,active,558.563,7.4054,6,2
CHEMBL198410,active,289.693,4.1055,3,2
CHEMBL1496978,inactive,459.622,3.41342,9,1
CHEMBL1305485,intermediate,250.37,1.86629,7,0
CHEMBL1570659,inactive,328.368,1.6974,4,2
CHEMBL1331084,intermediate,496.493,5.3822,7,1
CHEMBL184448,active,260.676,4.1644,3,2
CHEMBL45068,active,274.272,2.3245,5,4
CHEMBL434502,active,593.201,5.04132,10,2
CHEMBL1628199,active,571.868,7.7305,5,2
CHEMBL123025,active,544.536,7.0153,6,2
CHEMBL153062,active,220.356,4.6853,1,1
CHEMBL1468708,intermediate,265.359,3.0179,4,1
CHEMBL1442416,intermediate,318.398,2.84722,4,2
CHEMBL1388271,intermediate,414.512,3.4489,7,1
CHEMBL1331872,inactive,337.429,5.24092,6,0
CHEMBL1401227,inactive,393.299,5.1555,6,0
CHEMBL1460126,inactive,326.377,3.3342,4,2
CHEMBL1499638,inactive,364.427,0.9947,5,3
CHEMBL1413557,intermediate,332.359,4.32622,4,1
CHEMBL1484998,inactive,326.739,4.1574,4,1
CHEMBL1608989,inactive,370.433,5.9618,4,1
CHEMBL1469743,inactive,314.322,1.8112,7,0
CHEMBL1538325,inactive,449.418,3.8828,5,1
CHEMBL1605393,inactive,394.434,4.26918,6,2
CHEMBL1384049,inactive,342.358,2.48712,6,0
CHEMBL188049,active,267.284,3.6345,4,2
CHEMBL1361641,inactive,385.29,4.37412,5,0
CHEMBL1489063,inactive,427.482,2.60239,7,2
CHEMBL1381495,inactive,469.883,4.403,6,1
CHEMBL1343011,intermediate,306.321,3.42472,5,0
CHEMBL1613068,intermediate,353.179,4.1093,5,0
CHEMBL1464837,inactive,451.479,3.34194,7,3
CHEMBL1349347,inactive,480.886,3.5023,8,2
CHEMBL1385373,inactive,489.915,5.6985,5,3
CHEMBL1573735,inactive,349.253,3.8534,3,2
CHEMBL1455258,intermediate,378.519,3.3499,4,1
CHEMBL1431555,intermediate,337.423,2.6499,4,1
CHEMBL1565187,inactive,434.455,5.3944,5,2
CHEMBL1597933,inactive,353.266,4.24192,5,1
CHEMBL1466882,inactive,239.325,2.08922,5,1
CHEMBL1313979,inactive,299.355,3.1284,5,1
CHEMBL1329455,inactive,242.235,0.092,6,0
CHEMBL1322939,active,424.526,2.89369,6,2
CHEMBL1480843,inactive,366.442,3.85122,5,1
CHEMBL1310614,inactive,334.466,3.8198,4,2
CHEMBL1535728,inactive,341.349,4.1698,5,0
CHEMBL1341057,inactive,380.535,3.74,4,1
CHEMBL1420411,inactive,538.025,5.3887,7,1
CHEMBL184372,active,479.598,4.9004,7,3
CHEMBL442037,intermediate,261.664,3.5594,4,2
CHEMBL512579,inactive,298.294,3.19364,5,3
CHEMBL124474,active,461.627,6.4834,5,2
CHEMBL231811,active,269.325,4.082,4,2
CHEMBL385801,active,300.789,4.8624,3,1
CHEMBL447111,inactive,246.262,3.17364,3,1
CHEMBL427496,active,550.636,5.8785,7,3
CHEMBL225404,active,324.258,3.3824,5,3
CHEMBL226269,active,463.574,7.07,5,1
CHEMBL1081361,active,318.844,4.8609,2,1
CHEMBL235496,active,421.424,3.9779,6,2
CHEMBL235497,active,417.461,4.14722,6,2
CHEMBL361762,intermediate,354.131,3.8162,5,2
CHEMBL184371,active,529.702,6.9542,6,2
CHEMBL188458,active,356.175,4.8217,4,2
CHEMBL361272,active,350.143,4.4107,4,2
CHEMBL241257,active,567.774,7.2555,4,3
CHEMBL396118,active,629.801,7.2471,6,2
CHEMBL59438,intermediate,237.258,3.313,3,2
CHEMBL150279,active,465.577,2.8495,8,3
CHEMBL365625,active,266.256,2.97208,5,2
CHEMBL365016,active,267.284,3.9391,4,2
CHEMBL179929,active,429.56,5.5732,4,0
CHEMBL470993,active,413.517,5.2183,4,1
CHEMBL511269,active,443.543,5.2269,5,1
CHEMBL469512,active,429.535,6.0419,3,0
CHEMBL470785,active,296.41,3.7068,2,2
CHEMBL577938,inactive,285.306,3.93916,4,1
CHEMBL185114,active,465.571,4.5103,7,3
CHEMBL377171,active,280.371,4.0419,2,1
CHEMBL385680,active,338.304,4.3333,2,1
CHEMBL204902,active,270.284,3.22822,4,2
CHEMBL206727,active,274.247,3.0589,4,2
CHEMBL380362,intermediate,256.301,3.83504,3,2
CHEMBL206547,active,270.328,4.22514,3,2
CHEMBL471626,active,445.534,5.7475,4,1
CHEMBL511492,active,447.525,6.181,3,0
CHEMBL196836,active,458.583,5.4741,6,1
CHEMBL25228,active,354.361,3.969,4,2
CHEMBL194326,active,297.26,4.06788,3,2
CHEMBL203330,inactive,304.689,2.1559,6,3
CHEMBL206648,inactive,271.232,0.8975,7,3
CHEMBL425231,inactive,346.342,3.1695,6,3
CHEMBL206336,intermediate,268.272,2.10532,5,2
CHEMBL205137,inactive,312.281,1.5835,7,2
CHEMBL425941,inactive,330.343,3.4639,5,2
CHEMBL206499,intermediate,312.325,2.455,6,3
CHEMBL429446,intermediate,360.413,4.1675,4,2
CHEMBL191300,active,284.742,4.87982,2,2
CHEMBL447837,active,288.705,4.7105,2,2
CHEMBL187314,active,277.279,4.0592,4,2
CHEMBL371308,active,442.584,6.2377,5,1
CHEMBL191710,active,305.16,5.2248,2,2
CHEMBL426085,active,305.16,5.2248,2,2
CHEMBL200719,intermediate,269.347,5.5019,0,1
CHEMBL212419,intermediate,256.345,3.7271,2,1
CHEMBL211493,active,290.362,4.0227,2,1
CHEMBL377475,active,293.16,3.4235,2,1
CHEMBL204024,active,298.382,4.86124,3,2
CHEMBL183333,active,431.601,5.9868,4,1
CHEMBL185231,active,503.664,6.5657,6,2
CHEMBL378473,intermediate,329.403,3.8795,3,1
CHEMBL382734,active,460.599,6.1893,6,2
CHEMBL195807,active,295.725,4.44308,3,2
CHEMBL212185,intermediate,359.267,4.7645,2,1
CHEMBL198914,active,456.586,5.79682,5,2
CHEMBL372808,active,456.586,5.93932,5,2
CHEMBL197495,active,427.588,6.1172,3,1
CHEMBL191901,active,306.695,4.8496,2,2
CHEMBL241304,active,539.72,6.4753,4,3
CHEMBL241485,active,511.666,5.6951,4,3
CHEMBL437190,active,640.828,7.99242,5,3
CHEMBL182402,active,477.626,6.174,6,2
CHEMBL188391,active,261.664,3.5594,4,2
CHEMBL184598,active,475.61,5.7855,6,2
CHEMBL360315,active,459.586,5.9819,5,2
CHEMBL371777,active,252.269,3.2248,3,2
CHEMBL126164,active,465.64,6.2528,6,2
CHEMBL195786,active,266.296,3.9266,3,2
CHEMBL219134,intermediate,426.553,6.5832,5,3
CHEMBL204119,intermediate,254.285,3.57706,3,1
CHEMBL204222,inactive,280.323,3.99714,3,1
CHEMBL212392,intermediate,281.359,3.4369,3,1
CHEMBL441366,active,309.413,4.2171,3,1
CHEMBL384709,active,349.356,4.3694,3,1
CHEMBL189080,active,306.115,3.6685,4,2
CHEMBL180707,active,569.082,6.8263,6,2
CHEMBL362272,active,353.143,4.4212,4,2
CHEMBL438516,active,300.116,4.3132,3,2
CHEMBL234733,intermediate,299.282,2.21,5,1
CHEMBL206441,intermediate,284.311,3.58566,4,1
CHEMBL379188,intermediate,306.287,3.8041,2,1
CHEMBL425439,active,362.351,4.6146,3,1
CHEMBL192102,intermediate,312.368,5.585,2,2
CHEMBL395308,active,263.296,4.0205,3,2
CHEMBL394788,active,300.226,1.8066,6,2
CHEMBL245133,active,334.125,2.6609,4,2
CHEMBL234527,intermediate,269.256,2.2014,4,1
CHEMBL195208,active,282.314,4.6195,2,2
CHEMBL8145,inactive,254.241,2.8712,4,2
CHEMBL195437,inactive,206.329,4.2952,1,1
CHEMBL435090,active,269.3,3.8585,4,2
CHEMBL1201151,active,310.437,3.9156,2,1
CHEMBL366928,active,498.648,6.2751,6,2
CHEMBL192068,active,306.695,4.8496,2,2
CHEMBL360651,active,261.664,3.5594,4,2
CHEMBL195878,active,254.26,4.0571,2,2
CHEMBL182237,active,536.657,5.94394,8,2
CHEMBL365293,intermediate,227.219,2.906,4,2
CHEMBL183086,active,477.626,6.3181,6,2
CHEMBL426641,active,297.26,4.06788,3,2
CHEMBL374799,active,288.734,3.0546,4,2
CHEMBL225349,active,270.288,2.84,5,3
CHEMBL222434,active,312.8,5.1774,3,1
CHEMBL373743,active,296.345,4.6631,3,1
CHEMBL451496,active,273.219,2.0375,4,2
CHEMBL186643,active,289.237,3.9853,4,2
CHEMBL362718,active,481.639,5.4925,7,2
CHEMBL418327,active,461.583,5.973,6,2
CHEMBL187207,active,324.105,3.8076,4,2
CHEMBL181248,active,491.603,6.5095,5,2
CHEMBL183371,active,477.626,6.3181,6,2
CHEMBL439806,active,310.396,4.983,1,1
CHEMBL121879,active,448.588,5.2068,6,2
CHEMBL202996,inactive,286.308,3.94609,5,3
CHEMBL363705,intermediate,324.105,3.8076,4,2
CHEMBL373095,active,314.34,4.2532,3,2
CHEMBL185480,active,521.635,5.2826,8,2
CHEMBL389683,active,524.48,7.6934,5,1
CHEMBL449038,active,537.081,7.1082,6,2
CHEMBL225022,active,298.342,3.6202,5,3
CHEMBL389393,active,324.38,4.3253,5,3
CHEMBL360802,active,479.598,4.9004,7,3
CHEMBL332625,active,420.534,4.4745,6,3
CHEMBL194936,active,315.166,4.6805,2,2
CHEMBL192154,active,279.27,3.92878,3,2
CHEMBL369991,intermediate,330.512,4.6173,2,2
CHEMBL377342,intermediate,256.345,3.8712,2,1
CHEMBL381298,active,270.372,4.1172,2,1
CHEMBL204025,active,270.328,4.00914,3,2
CHEMBL202615,active,442.563,6.3822,4,1
CHEMBL201013,active,417.549,5.0642,4,2
CHEMBL385279,active,342.391,4.2426,5,3
CHEMBL219387,active,398.499,5.803,5,3
CHEMBL85826,inactive,317.348,3.1095,4,1
CHEMBL195371,active,470.638,7.0179,5,1
CHEMBL187915,active,324.105,3.8076,4,2
CHEMBL364092,active,270.715,4.5714,2,2
CHEMBL193726,active,236.27,3.918,2,2
CHEMBL192218,active,295.725,4.44308,3,2
CHEMBL441499,active,550.636,5.8785,7,3
CHEMBL183084,active,481.589,5.8776,6,2
CHEMBL187000,active,285.274,4.0782,4,2
CHEMBL369979,intermediate,316.485,4.2272,2,2
CHEMBL381299,intermediate,270.372,4.2613,2,1
CHEMBL206584,active,270.328,4.14346,3,2
CHEMBL212923,intermediate,314.388,4.0944,2,1
CHEMBL385358,active,346.405,4.6236,2,1
CHEMBL383533,active,431.576,5.4543,4,2
CHEMBL219577,active,328.364,3.7084,5,3
CHEMBL241303,active,525.693,6.0852,4,3
CHEMBL240227,active,615.818,7.6069,5,2
CHEMBL393278,intermediate,318.501,4.141,2,2
CHEMBL362428,active,459.586,5.9835,5,2
CHEMBL496,intermediate,406.907,6.609,2,2
CHEMBL434525,active,477.582,4.9168,7,2
CHEMBL365999,active,270.715,4.5714,2,2
CHEMBL198411,active,316.154,4.0755,3,2
CHEMBL186945,active,241.246,3.21442,4,2
CHEMBL197667,active,262.268,3.18468,4,2
CHEMBL382632,intermediate,306.446,2.6434,3,3
CHEMBL206440,intermediate,252.269,3.60322,3,1
CHEMBL380844,inactive,255.273,2.85084,4,2
CHEMBL383753,intermediate,333.365,2.64014,5,2
CHEMBL206406,active,384.023,4.48522,3,1
CHEMBL204056,intermediate,319.154,4.03114,3,1
CHEMBL381697,active,363.207,4.34816,4,1
CHEMBL204922,active,256.257,2.97424,4,2
CHEMBL206600,active,242.23,2.66582,4,2
CHEMBL206227,active,256.257,2.97424,4,2
CHEMBL211816,active,308.425,4.8221,2,1
CHEMBL208929,active,320.314,4.1942,2,1
CHEMBL209623,active,292.382,4.0419,2,1
CHEMBL211887,active,304.752,3.9673,2,1
CHEMBL191714,intermediate,220.271,4.2124,1,1
CHEMBL188792,intermediate,257.245,2.9146,5,2
CHEMBL204819,intermediate,258.229,2.37142,5,3
CHEMBL206546,intermediate,260.22,2.80492,4,2
CHEMBL205934,active,270.284,3.28266,4,2
CHEMBL381337,active,256.301,3.83504,3,2
CHEMBL203442,inactive,312.325,2.455,6,3
CHEMBL206814,active,326.352,2.8451,6,3
CHEMBL203351,inactive,282.299,2.3593,5,2
CHEMBL382698,inactive,294.31,2.83,5,2
CHEMBL191238,active,313.715,4.58218,3,2
CHEMBL364502,intermediate,261.28,3.78968,3,2
CHEMBL331996,active,479.667,6.6429,6,2
CHEMBL363634,active,279.27,3.92878,3,2
CHEMBL185890,active,252.229,2.77768,5,2
CHEMBL185083,active,475.61,5.9296,6,2
CHEMBL362793,intermediate,279.654,3.6985,4,2
CHEMBL187473,intermediate,243.218,2.6116,5,3
CHEMBL373987,active,254.329,3.4811,2,1
CHEMBL213950,active,296.41,4.5073,2,1
CHEMBL290106,intermediate,356.057,5.8626,3,2
CHEMBL239938,intermediate,269.344,3.264,3,2
CHEMBL391619,intermediate,283.371,3.6541,3,2
CHEMBL389907,active,523.676,6.3344,7,1
CHEMBL187115,intermediate,281.267,3.39128,5,2
CHEMBL363633,active,292.309,4.4285,2,2
CHEMBL182850,active,323.117,4.4126,3,2
CHEMBL361751,active,463.599,5.9296,6,2
CHEMBL188189,active,245.209,3.0451,4,2
CHEMBL196742,intermediate,331.346,5.1191,3,2
CHEMBL316003,active,483.608,7.1189,5,2
CHEMBL360410,active,243.218,2.6116,5,3
CHEMBL196530,active,271.703,3.9664,3,2
CHEMBL1570364,intermediate,392.68,4.6248,3,1
CHEMBL1491936,inactive,311.341,2.51592,6,1
CHEMBL1487772,inactive,216.24,2.20722,3,2
CHEMBL51483,intermediate,518.562,6.38224,8,6
CHEMBL359633,active,477.576,6.121,5,2
CHEMBL463804,inactive,242.274,3.1641,3,2
CHEMBL1414254,inactive,293.735,3.0066,6,1
CHEMBL1403999,intermediate,454.465,2.64107,7,2
CHEMBL1627356,active,477.67,5.4814,4,2
CHEMBL319244,intermediate,284.311,2.8969,4,2
CHEMBL1572403,inactive,333.34,1.9167,6,1
CHEMBL1541779,inactive,343.379,3.16462,5,1
CHEMBL1458486,inactive,321.354,2.1636,6,1
CHEMBL1587920,inactive,301.353,3.49738,5,0
CHEMBL1399039,inactive,471.258,4.7621,6,1
CHEMBL1332402,inactive,490.537,5.24506,6,2
CHEMBL1328083,inactive,398.418,4.36372,5,1
CHEMBL150924,inactive,239.23,3.193,3,1
CHEMBL184003,active,283.327,4.2486,4,2
CHEMBL182751,active,429.039,5.2131,4,2
CHEMBL1465370,inactive,369.446,3.56274,5,2
CHEMBL1383151,inactive,395.85,3.9545,6,2
CHEMBL1407483,intermediate,402.682,6.74476,8,0
CHEMBL1511067,inactive,354.391,2.84544,8,1
CHEMBL192876,active,305.16,5.2248,2,2
CHEMBL363017,intermediate,277.279,4.0592,4,2
CHEMBL1428161,inactive,459.524,2.9062,7,3
CHEMBL1390963,inactive,342.355,4.2376,7,1
CHEMBL340111,active,433.573,6.0508,5,2
CHEMBL185783,intermediate,303.317,4.573,4,2
CHEMBL294889,intermediate,260.333,2.7985,3,2
CHEMBL184151,intermediate,265.268,3.57708,4,2
CHEMBL1504315,inactive,360.464,3.59162,7,2
CHEMBL63768,intermediate,460.349,4.978,4,1
CHEMBL1564209,inactive,479.587,4.9881,7,3
CHEMBL1469865,inactive,375.384,3.0112,6,1
CHEMBL380188,intermediate,323.44,4.6072,3,1
CHEMBL214693,active,360.255,4.1595,3,1
CHEMBL196283,active,416.546,5.7035,5,1
CHEMBL195154,active,297.26,4.06788,3,2
CHEMBL363498,active,251.241,3.38268,4,2
CHEMBL1392188,inactive,428.466,2.86202,6,2
CHEMBL1577029,intermediate,358.357,3.3773,6,1
CHEMBL183368,active,291.306,4.36762,4,2
CHEMBL215409,active,334.297,3.8344,3,1
CHEMBL211837,intermediate,300.789,4.3052,2,1
CHEMBL379566,intermediate,345.24,4.4143,2,1
CHEMBL384268,active,366.358,5.1135,2,1
CHEMBL203348,active,325.147,4.28104,4,2
CHEMBL371072,active,432.545,5.4091,6,2
CHEMBL180873,active,548.664,6.48132,6,2
CHEMBL426626,intermediate,374.112,4.6873,4,2
CHEMBL191711,active,455.602,4.7819,5,2
CHEMBL225081,active,322.286,3.42,4,2
CHEMBL231812,active,253.257,3.6135,4,2
CHEMBL182887,active,477.626,6.1756,6,2
CHEMBL1368345,inactive,303.314,1.9081,5,1
CHEMBL188900,intermediate,332.153,4.2716,4,2
CHEMBL362966,active,340.176,4.55218,3,2
CHEMBL379213,inactive,284.271,1.8055,6,2
CHEMBL380359,active,284.271,1.2892,6,3
CHEMBL207101,intermediate,304.302,3.01089,6,3
CHEMBL385693,active,240.302,3.091,2,1
CHEMBL192765,active,284.336,3.5254,4,2
CHEMBL193727,active,254.26,4.0571,2,2
CHEMBL183367,active,277.279,4.0592,4,2
CHEMBL1395826,active,486.037,4.78309,5,2
CHEMBL1434189,active,461.591,3.83997,6,1
CHEMBL1386105,inactive,410.455,3.80984,9,1
CHEMBL364345,intermediate,295.338,4.5636,4,2
CHEMBL371126,active,293.297,4.2372,3,2
CHEMBL1324414,inactive,379.463,1.99642,7,1
CHEMBL1334930,inactive,468.966,4.75192,6,2
CHEMBL363902,intermediate,310.334,4.0295,6,2
CHEMBL472468,active,445.534,5.7475,4,1
CHEMBL189024,intermediate,243.218,2.6116,5,3
CHEMBL194718,intermediate,220.271,4.2124,1,1
CHEMBL209803,active,284.399,4.6514,2,1
CHEMBL209402,active,298.426,5.0415,2,1
CHEMBL204970,active,412.533,5.59548,4,1
CHEMBL203472,active,428.536,5.9921,4,1
CHEMBL1303886,inactive,366.808,3.7116,6,1
CHEMBL246341,intermediate,314.469,3.8371,2,2
CHEMBL425092,active,314.337,3.4624,5,3
CHEMBL380469,active,332.443,5.3986,2,1
CHEMBL376986,intermediate,281.355,3.76498,3,1
CHEMBL208978,active,324.342,4.8037,2,1
CHEMBL377644,active,348.368,4.9744,2,1
CHEMBL249903,intermediate,312.497,5.4225,1,1
CHEMBL398634,intermediate,312.497,5.4225,1,1
CHEMBL232023,active,284.29,3.59172,4,2
CHEMBL1340020,inactive,395.444,2.68034,8,1
CHEMBL511812,intermediate,338.447,3.6449,3,3
CHEMBL191836,active,330.339,3.9588,4,3
CHEMBL189356,active,285.274,3.7736,4,2
CHEMBL1606765,inactive,299.199,2.5241,4,2
CHEMBL1348377,intermediate,327.46,2.34873,8,1
CHEMBL1426947,inactive,283.283,2.5538,3,1
CHEMBL1453259,inactive,334.416,2.9253,6,1
CHEMBL347560,active,526.085,3.0685,9,3
CHEMBL364110,intermediate,299.326,4.0849,5,2
CHEMBL189025,intermediate,243.218,2.6116,5,3
CHEMBL25580,active,354.361,3.969,4,2
CHEMBL1604500,inactive,366.376,4.6114,5,0
CHEMBL1509453,intermediate,375.384,4.80862,6,2
CHEMBL1482201,inactive,437.452,2.95184,7,3
CHEMBL1326210,intermediate,424.486,4.0073,9,1
CHEMBL221515,active,336.322,3.9484,5,3
CHEMBL389394,active,387.222,5.1161,5,3
CHEMBL374277,active,354.312,4.0875,5,3
CHEMBL379889,intermediate,284.34,3.47461,5,2
CHEMBL203724,inactive,287.3,2.26679,7,3
CHEMBL226379,active,523.098,7.5816,6,2
CHEMBL1318094,active,438.557,2.75829,7,1
CHEMBL368449,active,473.613,6.2279,5,2
CHEMBL191759,active,278.282,4.0384,2,2
CHEMBL365941,active,282.27,3.8696,3,2
CHEMBL191808,active,288.705,4.7105,2,2
CHEMBL360978,active,579.634,6.0811,8,2
CHEMBL392029,intermediate,295.382,3.6541,3,2
CHEMBL200483,intermediate,286.334,4.3981,3,1
CHEMBL199599,intermediate,289.338,3.7366,4,1
CHEMBL200232,active,301.345,4.9131,2,3
CHEMBL201517,intermediate,318.501,4.4512,2,2
CHEMBL202673,active,284.355,4.61524,3,2
CHEMBL203072,active,284.355,4.53356,3,2
CHEMBL241300,active,382.507,5.5149,1,2
CHEMBL428732,intermediate,525.693,6.0852,4,3
CHEMBL393179,active,525.693,6.0852,4,3
CHEMBL442249,active,539.72,6.4753,4,3
CHEMBL238959,active,539.72,6.4753,4,3
CHEMBL1410824,inactive,390.49,3.2306,8,1
CHEMBL1359893,inactive,266.684,2.89732,4,1
CHEMBL1427643,inactive,354.318,1.9037,8,1
CHEMBL1464457,inactive,369.381,1.3862,7,3
CHEMBL1403448,intermediate,408.211,4.386,4,1
CHEMBL1575187,intermediate,417.446,3.80592,7,0
CHEMBL1548231,intermediate,412.474,5.00608,6,1
CHEMBL1531555,inactive,373.459,4.0909,6,2
CHEMBL1521410,inactive,476.581,4.35392,9,1
CHEMBL1538223,intermediate,387.443,4.834,5,1
CHEMBL153405,active,482.032,3.3638,8,3
CHEMBL327320,active,449.572,5.5395,6,2
CHEMBL178559,active,473.613,6.3736,5,2
CHEMBL180973,active,569.082,6.8263,6,2
CHEMBL1528123,inactive,413.451,3.22062,6,1
CHEMBL1536373,inactive,486.351,3.3903,9,0
CHEMBL1386676,inactive,376.463,3.01924,7,2
CHEMBL144431,active,326.395,4.6886,2,2
CHEMBL1580036,inactive,280.301,2.26012,4,1
CHEMBL189658,active,270.219,2.91678,5,2
CHEMBL188619,intermediate,227.219,2.906,4,2
CHEMBL1525824,inactive,485.29,3.9968,6,1
CHEMBL1522300,intermediate,445.475,3.0468,5,0
CHEMBL193064,active,282.314,4.6195,2,2
CHEMBL186513,active,252.229,2.77768,5,2
CHEMBL1495194,inactive,314.366,3.3417,5,1
CHEMBL1606490,inactive,379.272,4.7654,6,0
CHEMBL1548186,inactive,392.77,3.50872,6,1
CHEMBL2079587,active,328.5,4.1181,2,2
CHEMBL180253,active,459.586,5.9835,5,2
CHEMBL93705,active,463.599,5.9296,6,2
CHEMBL190104,active,298.363,3.9155,4,2
CHEMBL1548834,inactive,351.358,3.5451,5,1
CHEMBL188527,intermediate,261.28,4.3536,3,1
CHEMBL360498,active,534.637,6.1729,6,2
CHEMBL1501269,inactive,321.804,3.69232,4,1
CHEMBL1560367,inactive,356.451,2.961,5,0
CHEMBL1427879,intermediate,347.396,2.39812,7,2
CHEMBL1544241,inactive,353.378,3.36022,5,3
CHEMBL577758,intermediate,285.328,3.35882,5,1
CHEMBL186597,active,257.245,2.92002,5,3
CHEMBL145576,active,340.422,5.0787,2,2
CHEMBL361258,active,290.702,4.173,4,2
CHEMBL363367,active,270.715,4.5714,2,2
CHEMBL181369,active,463.549,5.7325,5,2
CHEMBL57150,active,244.334,3.2145,2,2
CHEMBL433944,active,335.153,4.2821,4,2
CHEMBL371624,active,261.28,3.78968,3,2
CHEMBL188613,intermediate,289.237,3.8272,4,2
CHEMBL371788,active,268.268,2.9304,4,3
CHEMBL189200,active,311.381,4.811,4,2
CHEMBL186073,intermediate,243.218,2.6116,5,3
CHEMBL187087,active,243.218,2.6116,5,3
CHEMBL200021,active,305.255,4.733,3,1
CHEMBL193010,intermediate,236.27,3.918,2,2
CHEMBL363963,active,289.237,3.8272,4,2
CHEMBL450940,intermediate,271.247,3.6881,4,2
CHEMBL365045,intermediate,311.268,4.3051,5,2
CHEMBL188410,intermediate,261.664,3.5594,4,2
CHEMBL201569,intermediate,336.903,4.4036,2,2
CHEMBL380876,intermediate,332.484,3.8112,3,2
CHEMBL441537,active,307.187,3.8136,2,1
CHEMBL377694,active,321.214,4.2037,2,1
CHEMBL192386,active,254.26,4.0571,2,2
CHEMBL362020,active,579.634,6.0811,8,2
CHEMBL183152,active,299.713,4.23048,4,2
CHEMBL192587,active,347.164,3.5659,4,2
CHEMBL370849,active,458.583,5.9433,6,2
CHEMBL178679,active,541.072,7.1905,6,2
CHEMBL185126,active,258.248,3.95852,3,2
CHEMBL185918,active,277.279,4.0592,4,2
CHEMBL264216,active,486.637,6.7235,6,2
CHEMBL1337826,inactive,414.509,3.846,4,2
CHEMBL1480378,inactive,388.474,2.82852,6,2
CHEMBL1481770,intermediate,366.402,3.2773,8,0
CHEMBL198679,active,265.312,3.8754,3,2
CHEMBL121978,active,434.561,4.8167,6,2
CHEMBL371009,intermediate,280.258,3.32378,4,2
CHEMBL334096,active,417.53,5.4416,5,3
CHEMBL192539,active,393.531,4.451,5,2
CHEMBL186598,active,297.354,4.4209,4,2
CHEMBL180146,active,477.576,6.1226,5,2
CHEMBL377224,active,342.394,4.753,3,1
CHEMBL213051,intermediate,309.413,4.2171,3,1
CHEMBL377848,active,309.413,4.2171,3,1
CHEMBL264349,active,328.415,4.4845,2,1
CHEMBL378675,active,322.404,4.9916,3,1
CHEMBL1402,active,421.968,5.9206,3,1
CHEMBL369935,active,447.644,6.4349,4,1
CHEMBL216279,active,342.391,4.0985,5,3
CHEMBL219126,active,362.381,4.1007,5,3
CHEMBL381566,active,326.48,3.8405,2,2
CHEMBL209429,active,338.472,5.4601,3,1
CHEMBL379109,active,290.79,4.4377,2,1
CHEMBL379821,active,382.241,4.6339,2,1
CHEMBL426854,intermediate,319.154,3.9767,3,1
CHEMBL202896,intermediate,284.311,3.53122,4,1
CHEMBL179518,active,472.61,5.7425,6,2
CHEMBL187069,active,227.219,2.906,4,2
CHEMBL363425,active,272.25,4.1962,2,2
CHEMBL597498,active,353.466,3.2646,5,2
CHEMBL1116,active,473.594,6.0752,6,2
CHEMBL206226,intermediate,242.23,2.66582,4,2
CHEMBL378990,intermediate,317.186,3.5942,2,1
CHEMBL211800,active,371.278,4.7645,2,1
CHEMBL379567,active,280.327,3.292,3,1
CHEMBL379595,active,345.196,3.6245,3,1
CHEMBL211870,active,349.203,4.1234,2,1
CHEMBL187937,active,251.241,2.8873,4,2
CHEMBL204768,intermediate,311.12,3.97262,4,2
CHEMBL205350,intermediate,321.126,3.42832,4,2
CHEMBL380717,active,270.284,3.28266,4,2
CHEMBL206582,intermediate,242.274,3.27404,3,2
CHEMBL362355,active,356.175,4.8217,4,2
CHEMBL221676,active,368.358,5.476,3,1
CHEMBL363955,active,253.257,3.549,4,2
CHEMBL206764,inactive,288.234,1.6416,6,3
CHEMBL206131,intermediate,304.689,2.1559,6,3
CHEMBL381720,inactive,284.271,1.81092,6,3
CHEMBL202894,inactive,298.298,2.0649,6,3
CHEMBL206349,inactive,302.311,2.16509,6,4
CHEMBL206773,inactive,286.243,0.7958,6,4
CHEMBL379008,active,282.383,4.1172,2,1
CHEMBL192016,active,278.282,4.0384,2,2
CHEMBL191841,active,284.336,3.5254,4,2
CHEMBL238960,active,553.747,6.8654,4,3
CHEMBL238961,active,629.845,7.997,5,2
CHEMBL184360,active,503.664,6.8507,6,2
CHEMBL180176,active,551.624,6.4453,8,2
CHEMBL437695,active,427.588,5.9747,3,1
CHEMBL1276308,inactive,429.604,5.4065,3,1
CHEMBL1485005,inactive,297.376,3.3484,3,1
CHEMBL1521111,inactive,487.965,3.7463,8,1
CHEMBL1327977,inactive,425.868,4.1774,5,1
CHEMBL388418,active,266.3,3.45262,4,2
CHEMBL396948,intermediate,305.289,3.0516,4,2
CHEMBL1433745,active,458.587,4.34129,5,1
CHEMBL1475062,active,450.608,4.72259,5,2
CHEMBL1597831,active,540.733,6.31729,5,1
CHEMBL471627,active,445.534,5.7475,4,1
CHEMBL1362841,inactive,218.281,2.3243,3,1
CHEMBL1429150,intermediate,425.832,2.9576,8,2
CHEMBL1548361,inactive,432.253,2.2291,5,0
CHEMBL375334,active,256.261,2.3571,5,3
CHEMBL222522,active,332.325,4.92212,3,1
CHEMBL222580,active,334.341,5.31702,3,1
CHEMBL1449885,inactive,421.409,2.1771,8,1
CHEMBL1584646,inactive,320.348,4.20188,5,1
CHEMBL1506716,intermediate,271.341,2.833,3,2
CHEMBL1472407,inactive,266.3,3.06622,3,1
CHEMBL1448466,intermediate,256.305,2.978,3,1
CHEMBL1454402,inactive,296.326,2.96752,4,1
CHEMBL1431650,inactive,269.256,2.316,4,1
CHEMBL1367590,inactive,454.504,2.4998,6,1
CHEMBL1587260,intermediate,402.436,1.69042,9,2
CHEMBL1522044,inactive,453.366,3.5822,4,0
CHEMBL1461574,intermediate,514.334,4.5591,6,1
CHEMBL1328182,inactive,380.407,4.0152,6,2
CHEMBL250109,intermediate,316.485,4.2272,2,2
CHEMBL191716,active,272.25,4.1962,2,2
CHEMBL194772,active,220.271,4.2124,1,1
CHEMBL362425,active,535.625,5.5679,7,2
CHEMBL363177,active,306.695,4.8496,2,2
CHEMBL364329,active,255.273,3.4684,4,2
CHEMBL361226,active,256.257,3.5196,4,2
CHEMBL379543,active,320.436,4.8221,2,1
CHEMBL361063,intermediate,267.284,3.85742,4,2
CHEMBL189822,active,241.246,3.21442,4,2
CHEMBL192782,active,254.26,4.0571,2,2
CHEMBL192901,active,282.27,3.8696,3,2
CHEMBL362307,active,277.663,3.265,5,3
CHEMBL190487,active,333.137,3.2629,4,3
CHEMBL1479,inactive,337.463,4.221,3,1
CHEMBL104416,intermediate,374.436,5.2247,3,2
CHEMBL195991,active,444.6,6.4837,5,1
CHEMBL190038,active,300.335,3.231,5,3
CHEMBL189303,intermediate,285.274,3.7736,4,2
CHEMBL1627354,active,557.885,8.0903,4,2
CHEMBL178665,active,569.082,6.8263,6,2
CHEMBL435696,active,499.579,6.1748,6,2
CHEMBL371564,active,304.28,3.80046,4,2
CHEMBL1628170,active,450.6,5.4778,4,3
CHEMBL362349,intermediate,261.664,3.5594,4,2
CHEMBL954,active,405.969,6.5626,2,0
CHEMBL184974,active,517.691,7.0999,6,2
CHEMBL1627353,active,475.448,5.6334,4,3
CHEMBL188846,active,271.247,3.6881,4,2
CHEMBL196131,active,472.61,6.3334,6,2
CHEMBL372304,intermediate,267.284,3.3216,4,2
CHEMBL427180,active,266.296,3.9266,3,2
CHEMBL194265,active,334.144,4.2146,3,2
CHEMBL195788,active,281.267,3.8262,4,2
CHEMBL183344,active,463.599,5.928,6,2
CHEMBL369545,active,477.626,6.3181,6,2
CHEMBL361078,active,322.114,3.3741,5,3
CHEMBL187393,active,277.279,4.0592,4,2
CHEMBL1200623,intermediate,288.475,5.0903,1,1
CHEMBL194762,active,261.28,3.78968,3,2
CHEMBL188051,active,277.279,4.0592,4,2
CHEMBL187392,intermediate,227.219,2.906,4,2
CHEMBL418971,intermediate,228.291,3.4237,2,2
CHEMBL184367,active,489.637,6.4606,6,2
CHEMBL370282,active,474.582,5.1797,7,2
CHEMBL180702,active,548.664,6.48132,6,2
CHEMBL103650,active,319.379,4.6834,2,1
CHEMBL181936,active,445.559,5.5934,5,2
CHEMBL1411687,inactive,412.218,5.0437,4,1
CHEMBL1302802,inactive,432.527,2.9175,8,2
CHEMBL1521414,inactive,427.464,3.7466,7,2
CHEMBL1491602,inactive,429.918,3.565,9,1
CHEMBL1341814,inactive,343.415,4.37642,6,0
CHEMBL1322601,inactive,459.458,2.4054,7,2
CHEMBL1604803,inactive,366.445,3.6741,9,0
CHEMBL1393131,inactive,318.126,3.9555,3,1
CHEMBL1541552,inactive,353.469,3.40976,7,2
CHEMBL1350028,inactive,317.341,2.63202,5,1
CHEMBL183782,active,305.127,4.2735,3,2
CHEMBL1423880,inactive,358.449,3.22094,6,0
CHEMBL1493034,intermediate,430.485,4.43,7,0
CHEMBL1347829,inactive,398.378,3.886,7,1
CHEMBL1310171,inactive,441.513,3.06262,8,2
CHEMBL1411209,inactive,486.981,3.57019,7,1
CHEMBL1507788,inactive,405.472,2.54102,6,0
CHEMBL196583,intermediate,316.154,4.0755,3,2
CHEMBL1505283,inactive,385.923,3.441,6,1
CHEMBL1532659,inactive,259.334,3.51324,5,1
CHEMBL189039,intermediate,320.142,3.8009,4,2
CHEMBL187673,active,227.219,2.906,4,2
CHEMBL197757,active,281.286,4.0951,3,2
CHEMBL191715,active,236.27,3.918,2,2
CHEMBL122208,active,385.529,4.9583,5,2
CHEMBL153395,active,459.598,2.8813,8,3
CHEMBL195289,active,272.25,4.1962,2,2
CHEMBL1381306,inactive,381.428,3.5921,5,0
CHEMBL1421864,inactive,241.312,1.5424,5,0
CHEMBL1560682,inactive,442.972,3.84149,5,1
CHEMBL1475434,active,471.026,4.62169,5,1
CHEMBL1434961,inactive,504.578,4.98709,5,1
CHEMBL1552932,active,472.614,4.33689,5,1
CHEMBL1593653,active,461.591,3.83997,6,1
CHEMBL1449110,inactive,331.422,3.4564,6,1
CHEMBL192390,active,313.715,4.58218,3,2
CHEMBL340606,active,434.561,4.8646,6,3
CHEMBL371305,intermediate,297.285,3.6547,4,2
CHEMBL195280,active,297.26,4.06788,3,2
CHEMBL193482,active,288.387,2.58,3,3
CHEMBL1443090,intermediate,449.536,3.592,8,2
CHEMBL1519669,inactive,371.437,2.8626,4,2
CHEMBL1299357,inactive,321.384,3.60478,5,1
CHEMBL1581690,intermediate,302.323,0.5312,10,0
CHEMBL1433062,intermediate,386.791,2.6497,6,0
CHEMBL125362,active,558.563,7.4054,6,2
CHEMBL361871,intermediate,350.143,4.4506,4,2
CHEMBL482116,inactive,289.316,2.72862,5,1
CHEMBL190682,active,330.339,3.9588,4,3
CHEMBL363872,active,317.138,3.5573,3,2
CHEMBL184421,active,461.583,5.5379,6,2
CHEMBL205920,intermediate,298.367,3.72859,5,2
CHEMBL185383,active,513.637,4.1741,8,2
CHEMBL226329,active,460.599,6.5131,6,2
CHEMBL200799,active,304.271,4.4681,2,2
CHEMBL371012,active,285.346,5.2075,1,2
CHEMBL362356,active,261.664,3.5594,4,2
CHEMBL238890,intermediate,556.628,7.93518,3,0
CHEMBL240157,inactive,319.382,2.2037,4,2
CHEMBL511971,active,459.561,6.1376,4,1
CHEMBL364419,active,254.241,3.3235,4,2
CHEMBL391795,intermediate,304.474,4.0611,2,2
CHEMBL398455,intermediate,316.485,4.2272,2,2
CHEMBL430395,intermediate,318.888,5.2088,1,1
CHEMBL183044,active,463.599,5.928,6,2
CHEMBL189002,intermediate,245.209,3.0451,4,2
CHEMBL438256,intermediate,378.475,5.6377,2,1
CHEMBL188957,active,269.3,3.8585,4,2
CHEMBL204697,active,426.56,5.98558,4,1
CHEMBL203561,intermediate,314.469,3.6744,2,2
CHEMBL211739,active,301.345,3.52638,3,1
CHEMBL213529,active,295.386,3.827,3,1
CHEMBL214200,intermediate,347.418,4.5573,4,1
CHEMBL187978,intermediate,309.346,4.6345,5,2
CHEMBL187219,active,277.279,4.0592,4,2
CHEMBL394357,active,269.325,4.082,4,2
CHEMBL388473,intermediate,255.229,1.8984,4,2
CHEMBL242818,active,269.256,2.20682,4,2
CHEMBL106773,active,374.436,5.2247,3,2
CHEMBL192000,active,279.27,3.92878,3,2
CHEMBL202781,intermediate,319.154,4.03114,3,1
CHEMBL198445,intermediate,279.27,3.4334,3,2
CHEMBL432454,active,481.548,4.8337,6,2
CHEMBL184491,active,506.624,4.641,7,3
CHEMBL393982,active,525.693,6.0852,4,3
CHEMBL240438,active,640.828,8.13652,5,3
CHEMBL188246,active,257.245,2.92002,5,3
CHEMBL346455,active,485.057,4.0197,8,3
CHEMBL232022,intermediate,252.273,3.1442,4,2
CHEMBL206120,intermediate,256.257,2.97424,4,2
CHEMBL210074,intermediate,266.344,3.6518,2,1
CHEMBL209738,intermediate,294.398,4.432,2,1
CHEMBL377254,active,300.745,3.4684,3,1
CHEMBL213829,active,326.415,4.9612,2,1
CHEMBL455215,active,231.226,3.0064,3,2
CHEMBL522990,inactive,382.397,2.9288,4,2
CHEMBL267431,intermediate,449.591,5.4258,5,1
CHEMBL469510,active,457.57,5.617,5,1
CHEMBL368688,active,475.61,6.0705,6,2
CHEMBL1076306,intermediate,314.425,4.2161,3,1
CHEMBL198680,intermediate,283.302,4.0145,3,2
CHEMBL125119,active,419.546,5.5319,5,3
CHEMBL414859,active,256.257,2.97424,4,2
CHEMBL378798,intermediate,242.274,3.27404,3,2
CHEMBL46903,active,392.543,5.68412,4,2
CHEMBL195311,active,270.715,4.5714,2,2
CHEMBL1450791,inactive,330.159,2.84672,6,0
CHEMBL203370,inactive,254.245,1.7969,5,2
CHEMBL378572,inactive,254.245,1.7969,5,2
CHEMBL206137,intermediate,300.339,3.18021,6,3
CHEMBL1389780,inactive,337.451,2.7451,6,1
CHEMBL1312693,inactive,455.436,4.9708,5,0
CHEMBL1324290,intermediate,404.455,4.16542,8,1
CHEMBL1377973,inactive,404.224,1.683,6,0
CHEMBL1453264,inactive,412.541,3.49428,6,3
CHEMBL1533166,inactive,349.386,4.18582,4,1
CHEMBL1304227,inactive,395.465,4.1983,7,1
CHEMBL1329686,inactive,430.58,3.8507,7,1
CHEMBL1498999,inactive,302.424,4.1646,4,1
CHEMBL1386537,intermediate,545.661,4.78852,8,2
CHEMBL1520373,intermediate,294.306,4.31784,4,0
CHEMBL1452952,intermediate,396.859,5.64304,7,0
CHEMBL1393976,inactive,348.449,4.28846,7,0
CHEMBL1419810,inactive,352.39,3.34944,4,2
CHEMBL1531320,inactive,285.255,2.0216,5,2
CHEMBL1439181,inactive,370.412,4.76862,6,2
CHEMBL1484547,intermediate,406.232,3.1567,6,0
CHEMBL1577757,inactive,391.431,3.2839,7,1
CHEMBL1505467,inactive,358.854,4.53276,6,1
CHEMBL1372307,intermediate,320.348,3.81482,5,0
CHEMBL1525366,inactive,381.23,1.9071,6,0
CHEMBL1482875,inactive,254.264,3.86962,3,0
CHEMBL1345810,inactive,472.549,4.2113,9,1
CHEMBL1374573,inactive,467.572,4.0945,8,1
CHEMBL1577661,intermediate,399.534,2.0653,6,0
CHEMBL1370120,inactive,380.407,4.3458,6,0
CHEMBL1407054,inactive,448.508,3.85524,8,2
CHEMBL1548616,inactive,381.432,4.94884,5,1
CHEMBL1559731,intermediate,229.279,3.10076,2,1
CHEMBL1555033,inactive,501.008,3.62809,7,1
CHEMBL1405182,intermediate,424.526,2.89369,6,2
CHEMBL1455849,active,481.578,3.87649,7,1
CHEMBL1356953,active,533.654,3.94257,8,1
CHEMBL1326803,inactive,313.353,3.56172,4,1
CHEMBL1597805,intermediate,380.542,5.73848,6,0
CHEMBL1084746,inactive,326.392,4.3784,4,3
CHEMBL1083326,inactive,394.511,5.8871,4,3
CHEMBL426897,active,332.359,4.11772,5,3
CHEMBL386502,active,320.314,5.0086,3,1
CHEMBL223026,active,242.234,2.3467,4,4
CHEMBL144897,active,310.396,4.983,1,1
CHEMBL433769,active,489.637,6.1756,6,2
CHEMBL179852,active,477.626,6.3181,6,2
CHEMBL183033,active,274.247,3.6587,4,2
CHEMBL190025,active,314.362,3.6211,5,3
CHEMBL198088,active,352.134,4.3537,3,2
CHEMBL1576748,inactive,232.239,2.1227,4,2
CHEMBL1388431,intermediate,394.499,3.3629,7,1
CHEMBL1509933,inactive,403.489,3.30122,8,3
CHEMBL360817,intermediate,245.209,3.0451,4,2
CHEMBL369724,active,459.586,5.8394,5,2
CHEMBL52,inactive,302.37,3.5664,4,4
CHEMBL195217,active,236.27,3.918,2,2
CHEMBL1522446,intermediate,503.024,3.85869,7,1
CHEMBL1434556,active,437.569,3.36329,6,1
CHEMBL1414407,active,407.539,4.24549,4,1
CHEMBL1397845,inactive,388.537,3.2373,4,1
CHEMBL282575,active,376.496,5.1228,3,1
CHEMBL361056,active,489.637,6.3181,6,2
CHEMBL1491959,inactive,430.46,4.6671,6,1
CHEMBL1326483,inactive,296.326,2.3575,4,1
CHEMBL188516,active,293.278,4.166,5,2
CHEMBL178334,active,472.61,5.7409,6,2
CHEMBL9352,inactive,272.256,2.5099,5,3
CHEMBL198204,intermediate,297.26,3.5725,3,2
CHEMBL187311,active,320.142,3.97692,4,2
CHEMBL425194,inactive,300.398,3.826,3,1
CHEMBL1580991,inactive,359.451,2.4735,6,1
CHEMBL1300662,inactive,278.271,1.06708,6,0
CHEMBL1442450,inactive,433.584,3.1313,8,2
CHEMBL1539865,inactive,416.868,5.45278,6,1
CHEMBL1466928,inactive,442.566,3.54992,8,1
CHEMBL182157,active,548.664,6.48132,6,2
CHEMBL1467399,inactive,312.281,2.0208,6,0
CHEMBL192260,active,306.695,4.8496,2,2
CHEMBL1303477,inactive,424.385,3.0491,8,2
CHEMBL1350069,inactive,379.416,3.9829,6,1
CHEMBL187313,intermediate,277.279,4.0592,4,2
CHEMBL1391547,intermediate,292.338,3.6063,3,2
CHEMBL1526157,intermediate,499.643,3.631,10,1
CHEMBL1572777,inactive,259.33,3.1319,3,1
CHEMBL1320937,intermediate,329.406,3.2914,7,0
CHEMBL1582403,inactive,386.458,4.19407,7,1
CHEMBL1447311,inactive,437.565,3.5284,3,0
CHEMBL189556,active,295.269,4.1983,4,2
CHEMBL1431081,intermediate,411.443,3.74288,8,1
CHEMBL1421887,intermediate,427.573,2.2855,7,1
CHEMBL1231453,active,268.356,4.348,2,2
CHEMBL204376,active,403.522,4.6741,4,2
CHEMBL460647,active,340.375,4.0186,5,3
CHEMBL216334,active,342.391,4.0985,5,3
CHEMBL377295,intermediate,423.425,2.7251,7,3
CHEMBL1325233,inactive,381.428,3.7825,5,1
CHEMBL1430316,inactive,331.422,3.3598,6,1
CHEMBL1574512,inactive,370.364,4.6718,6,0
CHEMBL379314,intermediate,267.332,3.0468,3,1
CHEMBL385949,active,281.359,3.4369,3,1
CHEMBL378883,active,295.386,3.827,3,1
CHEMBL215428,active,345.402,3.8897,4,2
CHEMBL385028,intermediate,332.201,3.3793,3,1
CHEMBL212391,intermediate,321.302,3.5892,3,1
CHEMBL377457,intermediate,295.386,3.827,3,1
CHEMBL214692,active,363.486,5.0258,4,1
CHEMBL372783,active,271.703,3.9664,3,2
CHEMBL398456,intermediate,298.47,5.0324,1,1
CHEMBL249904,intermediate,322.492,5.0358,1,1
CHEMBL250110,active,286.459,4.8663,1,1
CHEMBL380452,intermediate,266.296,3.99332,3,1
CHEMBL380358,intermediate,254.285,3.57706,3,1
CHEMBL438443,inactive,335.153,3.73132,4,1
CHEMBL380838,inactive,266.296,3.91164,3,1
CHEMBL188299,active,277.279,4.0592,4,2
CHEMBL394614,intermediate,253.257,3.6135,4,2
CHEMBL469511,active,443.543,5.314,5,2
CHEMBL1300008,intermediate,449.532,3.7736,7,1
CHEMBL1531512,inactive,390.439,5.3384,6,1
CHEMBL1404523,intermediate,339.782,5.00898,5,1
CHEMBL1386091,inactive,350.334,3.256,6,2
CHEMBL211953,active,280.371,4.0419,2,1
CHEMBL214034,active,331.213,3.9843,2,1
CHEMBL211666,active,357.251,4.3744,2,1
CHEMBL206500,active,270.284,3.22822,4,2
CHEMBL206439,active,270.328,4.22514,3,2
CHEMBL1307301,inactive,319.382,2.90842,3,1
CHEMBL10560,active,284.399,3.5407,2,2
CHEMBL231810,active,281.286,4.1596,3,2
CHEMBL1470395,inactive,304.19,3.3754,5,0
CHEMBL1320651,inactive,467.478,2.0819,8,2
CHEMBL1417890,intermediate,356.469,5.0574,2,1
CHEMBL1429596,inactive,354.431,4.8122,5,1
CHEMBL1404155,inactive,355.448,3.14608,7,1
CHEMBL1442697,intermediate,342.464,3.2078,4,0
CHEMBL1603599,inactive,371.896,3.3985,6,1
CHEMBL203283,intermediate,284.271,1.81092,6,3
CHEMBL377083,intermediate,288.234,1.6416,6,3
CHEMBL206426,inactive,271.232,0.8975,7,3
CHEMBL202738,inactive,270.244,1.5025,6,3
CHEMBL205577,inactive,284.271,1.81092,6,3
CHEMBL208324,intermediate,286.312,2.87179,6,3
CHEMBL1471823,inactive,362.385,4.6406,5,1
CHEMBL192621,active,272.25,4.1962,2,2
CHEMBL192586,active,314.34,4.2532,3,2
CHEMBL434577,active,352.777,4.4627,5,3
CHEMBL465879,intermediate,258.317,3.2817,3,2
CHEMBL384708,active,282.383,4.1172,2,1
CHEMBL221626,active,334.806,5.1106,3,1
CHEMBL222452,active,266.344,4.12732,3,1
CHEMBL372411,intermediate,291.31,3.69452,5,1
CHEMBL201365,intermediate,320.779,5.0515,3,1
CHEMBL199766,intermediate,285.346,5.2075,1,2
CHEMBL204317,intermediate,381.354,4.5597,2,2
CHEMBL383253,intermediate,316.485,4.2272,2,2
CHEMBL425603,intermediate,228.291,3.091,2,1
CHEMBL212675,intermediate,242.318,3.4811,2,1
CHEMBL180995,active,491.603,6.367,5,2
CHEMBL203123,active,310.393,4.87376,3,2
CHEMBL211599,intermediate,214.264,2.7009,2,1
CHEMBL213457,active,346.405,4.6236,2,1
CHEMBL214291,active,347.393,4.0186,3,1
CHEMBL240230,active,553.747,6.8654,4,3
CHEMBL394213,active,525.693,6.0852,4,3
CHEMBL193146,active,288.705,4.7105,2,2
CHEMBL193108,active,298.363,3.9155,4,2
CHEMBL182794,active,491.653,6.5641,6,2
CHEMBL194873,intermediate,236.27,3.918,2,2
CHEMBL187671,intermediate,283.327,4.2035,4,2
CHEMBL189287,active,243.218,2.6116,5,3
CHEMBL1732228,inactive,486.238,4.2167,8,1
CHEMBL187663,intermediate,269.3,4.0294,4,2
CHEMBL198089,active,263.296,3.956,3,2
CHEMBL189706,intermediate,299.282,3.0827,6,2
CHEMBL188230,intermediate,255.229,2.7185,5,2
CHEMBL185012,active,269.231,3.52178,4,2
CHEMBL122237,active,477.626,6.0674,6,2
CHEMBL361005,active,477.576,5.9785,5,2
CHEMBL184679,active,467.562,5.4875,6,2
CHEMBL1424468,inactive,287.315,3.00552,4,1
CHEMBL187105,active,277.279,4.0592,4,2
CHEMBL276030,intermediate,239.23,2.1928,3,1
CHEMBL188528,active,306.115,3.6685,4,2
CHEMBL181368,active,491.603,6.5127,5,2
CHEMBL195290,active,280.298,4.7001,2,2
CHEMBL363412,active,456.611,6.6278,5,1
CHEMBL186874,intermediate,283.258,3.71618,4,2
CHEMBL364176,intermediate,270.219,2.91678,5,2
CHEMBL365903,intermediate,270.244,2.0049,5,3
CHEMBL195389,active,250.297,4.22642,2,2
CHEMBL360189,active,269.3,3.8585,4,2
CHEMBL365484,active,507.652,5.5381,7,3
CHEMBL193207,intermediate,331.165,3.8603,3,1
CHEMBL189077,active,277.279,4.0592,4,2
CHEMBL1627351,active,573.884,7.5812,5,3
CHEMBL360338,active,282.295,4.1037,4,2
CHEMBL440757,intermediate,261.28,3.2943,3,2
CHEMBL178857,active,524.598,5.7659,7,2
CHEMBL188882,active,227.219,2.906,4,2
CHEMBL360385,active,344.164,4.33958,4,2
CHEMBL182980,active,477.626,6.0315,6,2
CHEMBL195039,active,358.166,4.69128,3,2
CHEMBL180085,active,445.628,6.2898,4,0
CHEMBL183162,active,415.533,5.2702,4,1
CHEMBL427324,active,491.653,6.4216,6,2
CHEMBL1596554,inactive,472.574,4.5261,8,2
CHEMBL1301994,inactive,443.532,5.1774,7,2
CHEMBL185837,intermediate,270.244,2.7141,6,3
CHEMBL1466913,inactive,353.447,4.4795,5,1
CHEMBL425246,active,286.762,3.8282,2,1
CHEMBL380032,active,345.24,4.3744,2,1
CHEMBL211349,active,328.415,4.7891,2,1
CHEMBL377988,intermediate,338.407,3.5851,4,1
CHEMBL1323006,intermediate,463.49,3.79114,7,1
CHEMBL234524,active,255.229,1.8984,4,2
CHEMBL396947,active,305.289,3.0516,4,2
CHEMBL212468,intermediate,252.317,3.2617,2,1
CHEMBL383518,intermediate,270.284,3.22822,4,2
CHEMBL204272,inactive,315.083,3.8033,4,2
CHEMBL203340,active,311.12,3.97262,4,2
CHEMBL380720,active,240.258,3.26864,3,1
CHEMBL205614,active,270.284,3.27724,4,1
CHEMBL204118,intermediate,359.219,5.14592,3,1
CHEMBL222453,active,286.762,4.4723,3,1
CHEMBL577709,inactive,287.775,4.6021,4,1
CHEMBL1566266,inactive,392.44,4.43082,7,1
CHEMBL183889,active,268.268,3.7136,4,2
CHEMBL205398,inactive,270.244,1.5025,6,3
CHEMBL379252,inactive,284.271,1.81092,6,3
CHEMBL203122,inactive,312.325,2.6259,6,3
CHEMBL206286,inactive,269.26,1.3791,6,3
CHEMBL225514,active,284.315,3.2301,5,3
CHEMBL222454,active,326.827,5.5675,3,1
CHEMBL215593,active,256.345,3.8712,2,1
CHEMBL391909,active,398.506,5.2205,2,3
CHEMBL241256,active,567.774,7.2555,4,3
CHEMBL241484,active,553.747,6.8654,4,3
CHEMBL396119,active,643.872,8.3871,5,2
CHEMBL372030,active,250.297,4.22642,2,2
CHEMBL202400,intermediate,320.448,4.1343,2,2
CHEMBL437065,active,300.442,3.2843,2,2
CHEMBL377847,intermediate,242.318,3.4811,2,1
CHEMBL226268,active,461.583,6.6365,6,2
CHEMBL226327,active,445.584,6.9309,5,1
CHEMBL239723,intermediate,255.317,2.8739,3,2
CHEMBL190467,active,317.138,3.5573,3,2
CHEMBL192849,active,292.309,4.4285,2,2
CHEMBL205119,active,252.313,3.81482,2,2
CHEMBL210143,active,312.453,5.4316,2,1
CHEMBL208085,active,471.553,5.3994,6,2
CHEMBL383112,active,435.995,6.3107,3,1
CHEMBL209978,active,355.231,4.3552,2,1
CHEMBL213070,intermediate,346.228,3.7694,3,1
CHEMBL341367,active,479.667,6.6429,6,2
CHEMBL426154,intermediate,286.283,2.81832,5,3
CHEMBL216596,active,370.445,5.0228,5,3
CHEMBL1628029,active,496.82,9.2744,2,2
CHEMBL188517,active,289.237,3.8272,4,2
CHEMBL197889,intermediate,279.295,3.5156,4,2
CHEMBL513397,active,397.518,5.5127,3,0
CHEMBL121720,active,448.588,5.2068,6,2
CHEMBL1377389,inactive,357.435,3.1941,6,1
CHEMBL1516948,inactive,363.442,3.73244,4,1
CHEMBL1519384,inactive,464.503,3.5182,8,2
CHEMBL1330161,intermediate,365.458,4.11592,5,0
CHEMBL1309506,inactive,444.465,3.0838,8,2
CHEMBL1162,active,298.426,3.4925,2,1
CHEMBL1507012,intermediate,358.357,3.4015,6,1
CHEMBL1468124,inactive,311.219,2.7947,6,0
CHEMBL1476347,inactive,417.519,4.16796,7,1
CHEMBL1612880,inactive,487.556,5.3811,7,1
CHEMBL1359354,inactive,294.31,3.1331,4,0
CHEMBL1585431,inactive,352.368,1.0907,6,1
CHEMBL1501342,inactive,299.754,2.04712,4,0
CHEMBL1580543,inactive,369.402,3.9153,8,1
CHEMBL1448272,inactive,429.498,2.5318,6,2
CHEMBL1406018,intermediate,297.771,2.0772,6,1
CHEMBL245378,active,302.458,3.671,2,2
CHEMBL1532234,inactive,464.598,2.8336,8,2
CHEMBL1312859,intermediate,389.799,2.3504,8,1
CHEMBL249700,active,286.459,4.8663,1,1
CHEMBL1584299,inactive,478.53,4.0011,8,2
CHEMBL457035,active,375.512,4.8091,3,1
CHEMBL1983345,inactive,415.467,3.38272,7,1
CHEMBL1996233,inactive,331.755,4.2997,5,2
CHEMBL1976499,inactive,299.311,1.86012,7,0
CHEMBL1984703,inactive,325.349,1.9673,7,0
CHEMBL2103774,active,312.453,3.8826,2,1
CHEMBL1999723,inactive,353.468,4.6144,3,0
CHEMBL1972915,intermediate,554.972,4.68732,9,3
CHEMBL2024377,active,473.594,6.0736,6,2
CHEMBL2024376,active,473.594,5.9311,6,2
CHEMBL2113002,active,459.586,5.9819,5,2
CHEMBL2112471,intermediate,402.49,5.7003,3,2
CHEMBL2112469,active,402.49,5.7003,3,2
CHEMBL2112470,intermediate,418.533,6.1356,3,2
CHEMBL2113027,active,477.626,6.1756,6,2
CHEMBL2113001,active,520.654,6.5327,6,2
CHEMBL2071180,intermediate,304.345,4.3386,3,1
CHEMBL2403351,intermediate,368.561,6.8891,2,2
CHEMBL1208076,active,254.329,3.9579,2,2
CHEMBL2403361,active,284.399,4.9841,2,2
CHEMBL2403363,active,340.507,6.1089,2,2
CHEMBL2403346,active,270.372,4.51232,2,2
CHEMBL2403359,active,296.41,4.96484,2,2
CHEMBL2403358,active,282.383,4.57474,2,2
CHEMBL2403360,active,312.453,5.3287,2,2
CHEMBL2401849,active,633.833,8.351,5,3
CHEMBL2403362,active,312.453,5.7643,2,2
CHEMBL2401848,active,643.832,7.8908,7,2
CHEMBL2403348,active,283.415,4.69734,2,2
CHEMBL2407651,intermediate,533.358,5.6093,4,1
CHEMBL2407647,inactive,500.551,3.9678,6,1
CHEMBL2403347,active,312.453,5.43758,2,2
CHEMBL2392777,intermediate,256.345,4.04054,2,2
CHEMBL2441817,inactive,328.452,4.483,3,0
CHEMBL2441818,inactive,356.462,4.2955,4,0
CHEMBL2441819,inactive,464.602,5.4419,5,2
CHEMBL3099431,active,340.507,5.432,2,1
CHEMBL3099432,active,284.399,3.7769,2,2
CHEMBL3098274,active,527.793,9.6506,3,2
CHEMBL3098273,active,443.631,7.31,3,2
CHEMBL3099429,active,342.479,4.8177,3,1
CHEMBL3145004,inactive,384.377,2.9643,8,3
CHEMBL3098275,inactive,611.955,11.9912,3,2
CHEMBL3208438,inactive,387.447,2.8297,7,2
CHEMBL3208556,intermediate,365.418,3.99772,7,1
CHEMBL3189964,intermediate,335.363,4.06462,5,2
CHEMBL3190827,intermediate,304.374,4.9057,4,1
CHEMBL3199523,inactive,323.801,3.00316,3,0
CHEMBL3189836,inactive,394.46,2.4866,8,2
CHEMBL3213380,intermediate,489.553,2.58758,9,1
CHEMBL3109601,inactive,395.333,7.29304,1,2
CHEMBL3109240,intermediate,483.608,5.9799,5,0
CHEMBL3109156,inactive,439.596,5.3587,5,0
CHEMBL3109154,intermediate,509.646,6.4937,5,0
CHEMBL3189442,inactive,330.369,3.21265,8,2
CHEMBL3189821,inactive,388.379,5.43908,7,0
CHEMBL3198515,inactive,364.814,3.76945,8,2
CHEMBL3193600,inactive,373.412,3.91772,6,1
CHEMBL3207314,inactive,394.412,1.6946,9,0
CHEMBL3214324,inactive,392.221,3.5437,6,0
CHEMBL3212870,intermediate,351.841,4.8083,5,1
CHEMBL3208784,inactive,366.349,3.80545,8,2
CHEMBL3235685,active,272.42,2.7006,2,2
CHEMBL3235686,active,328.528,4.09764,2,2
CHEMBL3195623,inactive,298.342,2.685,5,2
CHEMBL3196534,inactive,310.744,4.07858,4,3
CHEMBL3360841,inactive,255.273,2.5758,3,2
CHEMBL3290287,active,427.588,6.3211,3,0
CHEMBL3290288,active,385.507,5.2858,3,2
CHEMBL3288736,intermediate,391.555,5.1222,3,1
CHEMBL3427502,intermediate,429.447,5.17832,4,2
CHEMBL3360850,active,465.502,3.8643,7,2
CHEMBL3581693,active,446.909,6.8223,2,2
CHEMBL3586190,active,471.685,8.0902,3,2
CHEMBL3586194,active,515.738,7.8428,4,3
CHEMBL3586191,active,499.739,8.8704,3,2
CHEMBL3360845,active,347.37,3.6333,4,2
CHEMBL3586192,active,555.847,10.4308,3,2
CHEMBL3586193,active,583.901,11.211,3,2
CHEMBL3586195,active,517.729,8.82,3,2
CHEMBL3360843,active,331.371,3.9695,3,2
CHEMBL3360846,active,381.431,5.1227,3,2
CHEMBL3360848,intermediate,421.449,3.9953,6,2
CHEMBL3589347,inactive,621.708,5.4092,9,3
CHEMBL3589365,active,659.679,6.634,7,3
CHEMBL3589701,active,656.757,6.1892,8,4
CHEMBL3589349,active,607.681,5.3208,8,4
CHEMBL3589367,active,641.742,6.7684,7,3
CHEMBL3578274,intermediate,497.448,5.8988,4,1
CHEMBL3578276,inactive,522.558,4.2515,6,2
CHEMBL3578271,intermediate,463.896,5.5334,4,1
CHEMBL3589346,active,436.485,3.9571,6,2
CHEMBL3589361,active,607.681,5.3208,8,4
CHEMBL3589363,intermediate,670.578,6.3777,7,3
CHEMBL3589364,active,659.679,6.634,7,3
CHEMBL3588865,intermediate,591.682,5.6152,7,3
CHEMBL3589352,intermediate,605.709,5.92362,7,3
CHEMBL3589356,active,605.709,5.92362,7,3
CHEMBL3597498,active,1086.442,-2.08543,15,15
CHEMBL3597499,active,1128.483,-2.56106,15,17
CHEMBL3597501,active,1146.455,-2.58026,14,18
CHEMBL3597505,active,1090.387,-2.60606,13,17
CHEMBL3597508,active,2350.921,-13.50034,32,46
CHEMBL3597509,active,2392.962,-13.97597,32,48
CHEMBL3589354,inactive,621.708,5.6238,8,3
CHEMBL3589368,active,641.742,6.7684,7,3
CHEMBL3597502,active,1023.34,-1.77016,12,16
CHEMBL3360847,active,407.469,5.172,3,2
CHEMBL3360849,inactive,421.449,3.9953,6,2
CHEMBL3427411,active,464.439,6.53372,3,1
CHEMBL3427406,active,450.393,5.64232,5,2
CHEMBL3578285,intermediate,514.557,4.7166,6,1
CHEMBL3578286,intermediate,506.537,5.942,5,1
CHEMBL3576885,intermediate,495.514,5.2701,5,2
CHEMBL3578284,intermediate,510.525,5.84342,6,1
CHEMBL3622364,intermediate,480.59,2.8845,6,1
CHEMBL3622365,inactive,401.51,4.0078,4,1
CHEMBL3657137,active,470.613,6.24392,5,1
CHEMBL3657148,active,458.602,6.18692,5,2
CHEMBL3657159,active,475.032,6.88872,4,1
CHEMBL3657170,active,470.613,6.1949,5,2
CHEMBL3657181,active,468.597,5.93932,5,2
CHEMBL3667040,inactive,360.45,3.2351,5,1
CHEMBL3657142,active,498.667,7.02412,5,1
CHEMBL3657143,active,458.577,6.37442,4,1
CHEMBL3657144,active,484.64,6.72112,5,2
CHEMBL3657145,active,472.629,6.57702,5,2
CHEMBL3657146,active,500.683,7.35722,5,2
CHEMBL3657172,active,481.596,5.89428,6,2
CHEMBL3657173,active,470.613,6.33102,5,2
CHEMBL3657174,active,486.612,5.94952,6,2
CHEMBL3657175,active,500.639,6.33962,6,2
CHEMBL3657147,active,472.629,6.57382,5,2
CHEMBL3657154,active,472.604,6.76452,4,1
CHEMBL3657155,active,458.577,6.37442,4,1
CHEMBL3657149,active,470.613,6.32942,5,2
CHEMBL3657150,active,470.613,6.18692,5,2
CHEMBL3657156,active,512.694,7.41262,5,1
CHEMBL3657157,active,508.584,7.25412,4,1
CHEMBL3657158,active,454.614,6.54374,4,1
CHEMBL3657151,active,470.613,6.18692,5,2
CHEMBL3657152,active,484.64,6.57702,5,2
CHEMBL3657153,active,472.585,4.91172,6,3
CHEMBL3657135,active,440.587,6.23532,4,1
CHEMBL3657176,active,424.588,6.52972,3,0
CHEMBL3657177,active,416.521,5.01662,5,2
CHEMBL3657184,active,484.596,5.96402,6,1
CHEMBL3657185,active,451.566,7.03122,4,1
CHEMBL3657164,active,470.613,6.24392,5,1
CHEMBL3657165,active,524.583,7.13392,5,1
CHEMBL3648370,active,364.828,4.8817,3,1
CHEMBL3657178,active,444.575,5.79682,5,2
CHEMBL3657179,active,431.556,5.16122,4,2
CHEMBL3657160,active,456.586,5.94092,5,2
CHEMBL3657161,active,470.613,6.33102,5,2
CHEMBL3657162,active,474.576,6.08002,5,2
CHEMBL3657163,active,488.603,6.47012,5,2
CHEMBL3657180,active,484.64,6.71792,5,2
CHEMBL3657182,active,510.678,6.96552,5,2
CHEMBL3657183,active,498.667,7.02252,5,1
CHEMBL3657166,active,462.977,5.8958,5,2
CHEMBL3657167,active,477.004,6.2859,5,2
CHEMBL3657168,active,491.031,6.676,5,2
CHEMBL3657136,active,440.587,6.23532,4,1
CHEMBL3657138,active,470.613,6.24392,5,1
CHEMBL3657139,active,484.64,6.54692,5,0
CHEMBL3657140,active,498.667,6.93702,5,0
CHEMBL3657141,active,484.64,6.63402,5,1
CHEMBL3657169,active,491.031,6.59432,5,2
CHEMBL3657171,active,467.569,5.50418,6,2
CHEMBL3775116,active,379.5,4.8721,3,2
CHEMBL3774660,active,373.496,5.3116,3,1
CHEMBL3775016,active,399.534,5.8458,3,1
CHEMBL3774647,active,413.561,6.2359,3,1
CHEMBL3775129,active,415.533,5.5313,4,0
CHEMBL3775006,active,443.587,6.3115,4,0
CHEMBL3775410,active,527.749,8.6521,4,0
CHEMBL3775434,active,441.571,6.0655,4,0
CHEMBL3775224,active,469.625,6.8457,4,0
CHEMBL3775978,active,553.787,9.1863,4,0
CHEMBL3775283,active,455.598,6.4556,4,0
CHEMBL3775375,active,483.652,7.2358,4,0
CHEMBL3774642,active,567.814,9.5764,4,0
CHEMBL3805921,active,489.637,6.7592,6,3
CHEMBL3805170,active,517.691,7.5394,6,3
CHEMBL3804907,active,601.853,9.88,6,3
CHEMBL3805025,active,629.907,10.6602,6,3
CHEMBL3805385,active,657.961,11.4404,6,3
CHEMBL3823498,active,436.64,7.14832,4,3
CHEMBL3815076,active,443.587,5.32902,4,1
CHEMBL3823426,active,532.64,7.84964,6,4
CHEMBL3827870,inactive,470.525,4.1597,7,0
CHEMBL3827137,inactive,498.579,4.9399,7,0
CHEMBL3827692,inactive,496.563,4.6939,7,0
CHEMBL3827034,inactive,510.59,5.084,7,0
CHEMBL3827784,intermediate,482.536,4.478,7,2
CHEMBL3827200,inactive,484.508,3.3243,8,2
CHEMBL3828208,inactive,497.551,3.2395,8,2
CHEMBL3827633,inactive,539.632,4.2356,8,0
CHEMBL3827098,intermediate,442.471,3.5537,7,2
CHEMBL3828416,intermediate,470.525,4.3339,7,2
CHEMBL3827045,intermediate,468.509,4.0879,7,2
CHEMBL3827152,inactive,525.605,3.8455,8,0
CHEMBL3828422,inactive,484.552,4.5498,7,0
CHEMBL3827193,inactive,512.606,5.33,7,0
CHEMBL3827286,inactive,510.59,5.084,7,0
CHEMBL3828117,inactive,524.617,5.4741,7,0
CHEMBL3823192,active,778.987,10.36812,9,3
CHEMBL101382,active,428.576,5.409,4,1
CHEMBL180792,active,463.599,5.928,6,2
CHEMBL183584,active,463.599,5.7855,6,2
CHEMBL184202,active,461.583,5.3954,6,2
CHEMBL191974,active,236.27,3.918,2,2
CHEMBL192548,intermediate,332.311,4.2722,5,0
CHEMBL193518,active,362.812,5.4098,3,1
CHEMBL209269,active,270.372,4.2613,2,1
CHEMBL209851,active,335.241,4.5938,2,1
CHEMBL2403356,active,312.453,5.60094,2,2
CHEMBL2403357,active,340.507,6.38114,2,2
CHEMBL246138,intermediate,302.458,3.8371,2,2
CHEMBL267385,active,453.582,5.5533,4,2
CHEMBL281499,active,326.395,4.6886,2,2
CHEMBL304552,active,463.599,5.9296,6,2
CHEMBL30707,active,268.224,3.1036,5,2
CHEMBL328190,active,413.561,5.7287,3,1
CHEMBL3427402,active,498.409,6.26272,6,2
CHEMBL3623002,active,424.491,5.5359,2,2
CHEMBL3623003,active,406.501,5.3498,2,2
CHEMBL3623004,active,442.481,5.628,2,2
CHEMBL362623,active,449.572,5.5395,6,2
CHEMBL367588,active,226.231,3.511,3,2
CHEMBL370039,inactive,268.268,3.2694,4,2
CHEMBL3774510,active,433.47,5.0999,3,2
CHEMBL3774584,active,419.443,4.8523,3,2
CHEMBL3774737,active,431.479,4.3867,4,2
CHEMBL3774944,active,445.506,4.7768,4,2
CHEMBL3775766,active,415.48,5.1503,3,2
CHEMBL3775908,active,419.443,4.7098,3,2
CHEMBL691,active,296.41,3.6126,2,2
